{
  "generation": 2,
  "vocab_size": 157,
  "d_model": 256,
  "n_layers": 10,
  "n_heads": 8,
  "diagnosis": {
    "generation": 2,
    "mean_beta": 0.6073178067803383,
    "beta_variance": 0.00037615884043251446,
    "mean_chi": 0.7766915395855903,
    "mean_pressure": -1.1751163209172688e-08,
    "D": 1.6073178067803382,
    "regime": "convergent",
    "convergence_profile": [
      1.0,
      0.9530182909348685,
      0.9082438628564177,
      0.8655730139315063,
      0.8249069144163473,
      0.7861513777574233,
      0.7492166424464717,
      0.7140171641242969,
      0.6804714174518991,
      0.6485017072900363
    ],
    "is_convergent": true,
    "errors": [],
    "healthy": true,
    "n_params": 6078517
  }
}