{
  "generation": 3,
  "vocab_size": 157,
  "d_model": 320,
  "n_layers": 12,
  "n_heads": 8,
  "diagnosis": {
    "generation": 3,
    "mean_beta": 0.6062185851236185,
    "beta_variance": 0.00035950718858549684,
    "mean_chi": 0.7798513273398081,
    "mean_pressure": 3.9265057805640534e-08,
    "D": 1.6062185851236186,
    "regime": "convergent",
    "convergence_profile": [
      1.0,
      0.9530182909348685,
      0.9082438628564177,
      0.8655730139315063,
      0.8249069144163473,
      0.7861513777574233,
      0.7492166424464717,
      0.7140171641242969,
      0.6804714174518991,
      0.6485017072900363,
      0.6180339887498948,
      0.5889976956980846
    ],
    "is_convergent": true,
    "errors": [],
    "healthy": true,
    "n_params": 11340249
  }
}